INSERT INTO xtl.x_database (name, database_type, database_contype, host_name, database_name, port, created_time, update_time, username, password, servername) VALUES ('local_db', 'MYSQL', 'Native', '127.0.0.1', 'test', 3308, null, null, 'root', 'root', '');
INSERT INTO xtl.x_database (name, database_type, database_contype, host_name, database_name, port, created_time, update_time, username, password, servername) VALUES ('test01', 'MYSQL', 'Native', '127.0.0.1', 'test', 3308, null, null, 'root', 'root', '');
INSERT INTO xtl.x_database (name, database_type, database_contype, host_name, database_name, port, created_time, update_time, username, password, servername) VALUES ('test12', 'MYSQL', 'Native', '127.0.0.1', 'test', 3308, '2021-02-04 09:34:10', '2021-02-04 09:34:10', 'root', 'root', '');
INSERT INTO xtl.x_dict (dict_name, dict_id, dict_key, dict_value, order_num, dict_desc) VALUES ('可支持的数据库', 'supported_type_database', '1', 'MYSQL', '1', 'MYSQL');
INSERT INTO xtl.x_dict (dict_name, dict_id, dict_key, dict_value, order_num, dict_desc) VALUES ('可支持的数据库', 'supported_type_database', '2', 'ORACLE', '2', 'ORACLE');
INSERT INTO xtl.x_dict (dict_name, dict_id, dict_key, dict_value, order_num, dict_desc) VALUES ('可支持的数据库', 'supported_type_database', '3', 'AS400', '3', 'AS400');
INSERT INTO xtl.x_dict (dict_name, dict_id, dict_key, dict_value, order_num, dict_desc) VALUES ('可支持的数据库', 'supported_type_database', '4', 'ACCESS', '4', 'ACCESS');
INSERT INTO xtl.x_dict (dict_name, dict_id, dict_key, dict_value, order_num, dict_desc) VALUES ('可支持的数据库', 'supported_type_database', '5', 'MSSQL', '5', 'MSSQL');
INSERT INTO xtl.x_dict (dict_name, dict_id, dict_key, dict_value, order_num, dict_desc) VALUES ('可支持的数据库', 'supported_type_database', '6', 'DB2', '6', 'DB2');
INSERT INTO xtl.x_dict (dict_name, dict_id, dict_key, dict_value, order_num, dict_desc) VALUES ('可支持的数据库', 'supported_type_database', '7', 'POSTGRES', '7', 'POSTGRES');
INSERT INTO xtl.x_dict (dict_name, dict_id, dict_key, dict_value, order_num, dict_desc) VALUES ('可支持的数据库', 'supported_type_database', '8', 'CACHE', '8', 'CACHE');
INSERT INTO xtl.x_dict (dict_name, dict_id, dict_key, dict_value, order_num, dict_desc) VALUES ('可支持的数据库', 'supported_type_database', '9', 'INFORMIX', '9', 'INFORMIX');
INSERT INTO xtl.x_dict (dict_name, dict_id, dict_key, dict_value, order_num, dict_desc) VALUES ('可支持的数据库', 'supported_type_database', '10', 'SYBASE', '10', 'SYBASE');
INSERT INTO xtl.x_dict (dict_name, dict_id, dict_key, dict_value, order_num, dict_desc) VALUES ('可支持的数据库', 'supported_type_database', '11', 'GUPTA', '11', 'GUPTA');
INSERT INTO xtl.x_dict (dict_name, dict_id, dict_key, dict_value, order_num, dict_desc) VALUES ('可支持的数据库', 'supported_type_database', '12', 'DBASE', '12', 'DBASE');
INSERT INTO xtl.x_dict (dict_name, dict_id, dict_key, dict_value, order_num, dict_desc) VALUES ('可支持的数据库', 'supported_type_database', '13', 'FIREBIRD', '13', 'FIREBIRD');
INSERT INTO xtl.x_dict (dict_name, dict_id, dict_key, dict_value, order_num, dict_desc) VALUES ('可支持的数据库', 'supported_type_database', '14', 'SAPDB', '14', 'SAPDB');
INSERT INTO xtl.x_dict (dict_name, dict_id, dict_key, dict_value, order_num, dict_desc) VALUES ('可支持的数据库', 'supported_type_database', '15', 'HYPERSONIC', '15', 'HYPERSONIC');
INSERT INTO xtl.x_dict (dict_name, dict_id, dict_key, dict_value, order_num, dict_desc) VALUES ('可支持的数据库', 'supported_type_database', '16', 'GENERIC', '16', 'GENERIC');
INSERT INTO xtl.x_dict (dict_name, dict_id, dict_key, dict_value, order_num, dict_desc) VALUES ('可支持的数据库', 'supported_type_database', '17', 'SAPR3', '17', 'SAPR3');
INSERT INTO xtl.x_dict (dict_name, dict_id, dict_key, dict_value, order_num, dict_desc) VALUES ('可支持的数据库', 'supported_type_database', '18', 'INGRES', '18', 'INGRES');
INSERT INTO xtl.x_dict (dict_name, dict_id, dict_key, dict_value, order_num, dict_desc) VALUES ('可支持的数据库', 'supported_type_database', '19', 'INTERBASE', '19', 'INTERBASE');
INSERT INTO xtl.x_dict (dict_name, dict_id, dict_key, dict_value, order_num, dict_desc) VALUES ('可支持的数据库', 'supported_type_database', '20', 'EXTENDB', '20', 'EXTENDB');
INSERT INTO xtl.x_dict (dict_name, dict_id, dict_key, dict_value, order_num, dict_desc) VALUES ('可支持的数据库', 'supported_type_database', '21', 'TERADATA', '21', 'TERADATA');
INSERT INTO xtl.x_dict (dict_name, dict_id, dict_key, dict_value, order_num, dict_desc) VALUES ('可支持的数据库', 'supported_type_database', '22', 'ORACLE_RDB', '22', 'ORACLE_RDB');
INSERT INTO xtl.x_dict (dict_name, dict_id, dict_key, dict_value, order_num, dict_desc) VALUES ('可支持的数据库', 'supported_type_database', '23', 'H2', '23', 'H2');
INSERT INTO xtl.x_dict (dict_name, dict_id, dict_key, dict_value, order_num, dict_desc) VALUES ('可支持的数据库', 'supported_type_database', '24', 'NETEZZA', '24', 'NETEZZA');
INSERT INTO xtl.x_dict (dict_name, dict_id, dict_key, dict_value, order_num, dict_desc) VALUES ('可支持的数据库', 'supported_type_database', '25', 'UNIVERSE', '25', 'UNIVERSE');
INSERT INTO xtl.x_dict (dict_name, dict_id, dict_key, dict_value, order_num, dict_desc) VALUES ('可支持的数据库', 'supported_type_database', '26', 'SQLITE', '26', 'SQLITE');
INSERT INTO xtl.x_dict (dict_name, dict_id, dict_key, dict_value, order_num, dict_desc) VALUES ('可支持的数据库', 'supported_type_database', '27', 'DERBY', '27', 'DERBY');
INSERT INTO xtl.x_dict (dict_name, dict_id, dict_key, dict_value, order_num, dict_desc) VALUES ('可支持的数据库', 'supported_type_database', '28', 'REMEDY_AR_SYSTEM', '28', 'REMEDY_AR_SYSTEM');
INSERT INTO xtl.x_dict (dict_name, dict_id, dict_key, dict_value, order_num, dict_desc) VALUES ('可支持的数据库', 'supported_type_database', '29', 'PALO', '29', 'PALO');
INSERT INTO xtl.x_dict (dict_name, dict_id, dict_key, dict_value, order_num, dict_desc) VALUES ('可支持的数据库', 'supported_type_database', '30', 'SYBASEIQ', '30', 'SYBASEIQ');
INSERT INTO xtl.x_dict (dict_name, dict_id, dict_key, dict_value, order_num, dict_desc) VALUES ('可支持的数据库', 'supported_type_database', '31', 'GREENPLUM', '31', 'GREENPLUM');
INSERT INTO xtl.x_dict (dict_name, dict_id, dict_key, dict_value, order_num, dict_desc) VALUES ('可支持的数据库', 'supported_type_database', '32', 'MONETDB', '32', 'MONETDB');
INSERT INTO xtl.x_dict (dict_name, dict_id, dict_key, dict_value, order_num, dict_desc) VALUES ('可支持的数据库', 'supported_type_database', '33', 'KINGBASEES', '33', 'KINGBASEES');
INSERT INTO xtl.x_dict (dict_name, dict_id, dict_key, dict_value, order_num, dict_desc) VALUES ('可支持的数据库', 'supported_type_database', '34', 'VERTICA', '34', 'VERTICA');
INSERT INTO xtl.x_dict (dict_name, dict_id, dict_key, dict_value, order_num, dict_desc) VALUES ('可支持的数据库', 'supported_type_database', '35', 'NEOVIEW', '35', 'NEOVIEW');
INSERT INTO xtl.x_dict (dict_name, dict_id, dict_key, dict_value, order_num, dict_desc) VALUES ('可支持的数据库', 'supported_type_database', '36', 'LUCIDDB', '36', 'LUCIDDB');
INSERT INTO xtl.x_dict (dict_name, dict_id, dict_key, dict_value, order_num, dict_desc) VALUES ('作业状态', 'supported_job_status', '10', '等待中', '1', '等待中');
INSERT INTO xtl.x_dict (dict_name, dict_id, dict_key, dict_value, order_num, dict_desc) VALUES ('作业状态', 'supported_job_status', '21', '终止中', '1', '终止中');
INSERT INTO xtl.x_dict (dict_name, dict_id, dict_key, dict_value, order_num, dict_desc) VALUES ('作业状态', 'supported_job_status', '30', '已终止', '1', '已终止');
INSERT INTO xtl.x_dict (dict_name, dict_id, dict_key, dict_value, order_num, dict_desc) VALUES ('作业状态', 'supported_job_status', '20', '运行中', '1', '运行中');
INSERT INTO xtl.x_dict (dict_name, dict_id, dict_key, dict_value, order_num, dict_desc) VALUES ('作业状态', 'supported_job_status', '40', '已结束', '1', '已结束');
INSERT INTO xtl.x_dict (dict_name, dict_id, dict_key, dict_value, order_num, dict_desc) VALUES ('转换状态', 'supported_trans_status', '10', '等待中', '1', '等待中');
INSERT INTO xtl.x_dict (dict_name, dict_id, dict_key, dict_value, order_num, dict_desc) VALUES ('转换状态', 'supported_trans_status', '70', '终止中', '1', '终止中');
INSERT INTO xtl.x_dict (dict_name, dict_id, dict_key, dict_value, order_num, dict_desc) VALUES ('转换状态', 'supported_trans_status', '30', '已终止', '1', '已终止');
INSERT INTO xtl.x_dict (dict_name, dict_id, dict_key, dict_value, order_num, dict_desc) VALUES ('转换状态', 'supported_trans_status', '50', '运行中', '1', '运行中');
INSERT INTO xtl.x_dict (dict_name, dict_id, dict_key, dict_value, order_num, dict_desc) VALUES ('转换状态', 'supported_trans_status', '40', '已结束', '1', '已结束');
INSERT INTO xtl.x_dict (dict_name, dict_id, dict_key, dict_value, order_num, dict_desc) VALUES ('转换状态', 'supported_trans_status', '20', '初始化中', '1', '初始化中');
INSERT INTO xtl.x_dict (dict_name, dict_id, dict_key, dict_value, order_num, dict_desc) VALUES ('转换状态', 'supported_trans_status', '21', '准备中', '1', '准备中');
INSERT INTO xtl.x_dict (dict_name, dict_id, dict_key, dict_value, order_num, dict_desc) VALUES ('转换状态', 'supported_trans_status', '60', '已暂停', '1', '已暂停');
INSERT INTO xtl.x_dict (dict_name, dict_id, dict_key, dict_value, order_num, dict_desc) VALUES ('日志级别', 'supported_log_level', 'basic', '基本级别', '1', '基本级别');
INSERT INTO xtl.x_dict (dict_name, dict_id, dict_key, dict_value, order_num, dict_desc) VALUES ('日志级别', 'supported_log_level', 'detail', '详细级别', '1', '详细级别');
INSERT INTO xtl.x_dict (dict_name, dict_id, dict_key, dict_value, order_num, dict_desc) VALUES ('日志级别', 'supported_log_level', 'error', '异常级别', '1', '异常级别');
INSERT INTO xtl.x_dict (dict_name, dict_id, dict_key, dict_value, order_num, dict_desc) VALUES ('日志级别', 'supported_log_level', 'debug', '调试级别', '1', '调试级别');
INSERT INTO xtl.x_dict (dict_name, dict_id, dict_key, dict_value, order_num, dict_desc) VALUES ('日志级别', 'supported_log_level', 'minimal', '最小级别
', '1', '最小级别
');
INSERT INTO xtl.x_dict (dict_name, dict_id, dict_key, dict_value, order_num, dict_desc) VALUES ('日志级别', 'supported_log_level', 'rowlevel', '行级别', '1', '行级别');
INSERT INTO xtl.x_dict (dict_name, dict_id, dict_key, dict_value, order_num, dict_desc) VALUES ('日志级别', 'supported_log_level', 'Nothing', '无级别', '1', '无级别');
INSERT INTO xtl.x_dict (dict_name, dict_id, dict_key, dict_value, order_num, dict_desc) VALUES ('作业状态', 'supported_job_status', '-1', '未知状态', '1', '未知状态');
INSERT INTO xtl.x_dict (dict_name, dict_id, dict_key, dict_value, order_num, dict_desc) VALUES ('转换状态', 'supported_trans_status', '-1', '未知状态', '1', '未知状态');
INSERT INTO xtl.x_dict (dict_name, dict_id, dict_key, dict_value, order_num, dict_desc) VALUES ('转换状态', 'supported_trans_status', '99', '异常停止', '1', '异常停止');
INSERT INTO xtl.x_dict (dict_name, dict_id, dict_key, dict_value, order_num, dict_desc) VALUES ('作业状态', 'supported_job_status', '99', '异常停止', '1', '异常停止');
INSERT INTO xtl.x_dict (dict_name, dict_id, dict_key, dict_value, order_num, dict_desc) VALUES ('操作类型', 'supported_oper_type', 'OTHER', '其他', '1', '其他');
INSERT INTO xtl.x_dict (dict_name, dict_id, dict_key, dict_value, order_num, dict_desc) VALUES ('操作类型', 'supported_oper_type', 'INSERT', '新增', '1', '新增');
INSERT INTO xtl.x_dict (dict_name, dict_id, dict_key, dict_value, order_num, dict_desc) VALUES ('操作类型', 'supported_oper_type', 'UPDATE', '更新', '1', '更新');
INSERT INTO xtl.x_dict (dict_name, dict_id, dict_key, dict_value, order_num, dict_desc) VALUES ('操作类型', 'supported_oper_type', 'DELETE', '删除', '1', '删除');
INSERT INTO xtl.x_dict (dict_name, dict_id, dict_key, dict_value, order_num, dict_desc) VALUES ('操作类型', 'supported_oper_type', 'LOGOUT', '注销', '1', '注销');
INSERT INTO xtl.x_dict (dict_name, dict_id, dict_key, dict_value, order_num, dict_desc) VALUES ('操作类型', 'supported_oper_type', 'CLEAR', '清理', '1', '清理');
INSERT INTO xtl.x_dict (dict_name, dict_id, dict_key, dict_value, order_num, dict_desc) VALUES ('操作类型', 'supported_oper_type', 'START', '启动任务', '1', '启动任务');
INSERT INTO xtl.x_dict (dict_name, dict_id, dict_key, dict_value, order_num, dict_desc) VALUES ('操作类型', 'supported_oper_type', 'STOP', '终止任务', '1', '终止任务');
INSERT INTO xtl.x_dict (dict_name, dict_id, dict_key, dict_value, order_num, dict_desc) VALUES ('操作类型', 'supported_oper_type', 'SCHEDULER', '添加定时', '1', '添加定时');
INSERT INTO xtl.x_dict (dict_name, dict_id, dict_key, dict_value, order_num, dict_desc) VALUES ('操作类型', 'supported_oper_type', 'REMOTE_START', '远程启动', '1', '远程启动');
INSERT INTO xtl.x_dict (dict_name, dict_id, dict_key, dict_value, order_num, dict_desc) VALUES ('操作类型', 'supported_oper_type', 'REMOTE_STOP', '远程停止', '1', '远程停止');
INSERT INTO xtl.x_job (job_id, job_name, job_description, job_type, job_path, job_repository_id, job_log_level, job_status, is_del, created_time, update_time, is_monitor_enabled, tpl_key) VALUES ('88', 'test_sql_job', '演示带参执行', 'db', '/演示目录', '1326379690046259200', 'debug', null, '0', '2021-01-26 17:03:39', '2021-01-26 17:03:39', '1', null);
INSERT INTO xtl.x_job (job_id, job_name, job_description, job_type, job_path, job_repository_id, job_log_level, job_status, is_del, created_time, update_time, is_monitor_enabled, tpl_key) VALUES ('95', 'test_sql_job_copy_5_cp_copy_2_cp', '演示带参执行', 'db', '/演示目录', '1326379690046259200', 'debug', null, '0', '2021-02-04 10:19:48', '2021-02-04 10:19:48', '0', '');
INSERT INTO xtl.x_job (job_id, job_name, job_description, job_type, job_path, job_repository_id, job_log_level, job_status, is_del, created_time, update_time, is_monitor_enabled, tpl_key) VALUES ('98', 'JS模板测试', 'JS模板测试', 'db', '/模板测试', '1326379690046259200', 'Debug', null, null, '2021-02-20 16:06:42', '2021-02-20 16:06:42', '0', 'javascriptTpl');
INSERT INTO xtl.x_job (job_id, job_name, job_description, job_type, job_path, job_repository_id, job_log_level, job_status, is_del, created_time, update_time, is_monitor_enabled, tpl_key) VALUES ('99', 'JS模板测试2', 'JS模板测试2', 'db', '/新的测试', '1326379690046259200', 'Debug', null, null, '2021-02-20 16:10:38', '2021-02-20 16:10:38', '0', 'javascriptTpl');
INSERT INTO xtl.x_job (job_id, job_name, job_description, job_type, job_path, job_repository_id, job_log_level, job_status, is_del, created_time, update_time, is_monitor_enabled, tpl_key) VALUES ('100', 'JS模板测试2_copy_1_cp', 'JS模板测试2', 'db', '/新的测试', '1326379690046259200', 'Debug', null, '1', '2021-02-20 16:12:15', '2021-02-20 16:12:15', '1', '');
INSERT INTO xtl.x_job (job_id, job_name, job_description, job_type, job_path, job_repository_id, job_log_level, job_status, is_del, created_time, update_time, is_monitor_enabled, tpl_key) VALUES ('101', 'JS模板测试2_copy_2_cp', 'JS模板测试2', 'db', '/新的测试', '1326379690046259200', 'Debug', null, '1', '2021-02-20 16:12:17', '2021-02-20 16:12:17', '0', '');
INSERT INTO xtl.x_job (job_id, job_name, job_description, job_type, job_path, job_repository_id, job_log_level, job_status, is_del, created_time, update_time, is_monitor_enabled, tpl_key) VALUES ('102', 'JS模板测试2_copy_3_cp', 'JS模板测试2', 'db', '/新的测试', '1326379690046259200', 'Debug', null, '1', '2021-02-20 16:12:18', '2021-02-20 16:12:18', '0', '');
INSERT INTO xtl.x_job (job_id, job_name, job_description, job_type, job_path, job_repository_id, job_log_level, job_status, is_del, created_time, update_time, is_monitor_enabled, tpl_key) VALUES ('103', 'SQL模板测试', 'SQL模板测试', 'db', '/数据库模板测试', '1326379690046259200', 'Debug', null, null, '2021-02-20 16:21:21', '2021-02-20 16:21:21', '0', 'sqlTpl');
INSERT INTO xtl.x_job (job_id, job_name, job_description, job_type, job_path, job_repository_id, job_log_level, job_status, is_del, created_time, update_time, is_monitor_enabled, tpl_key) VALUES ('104', '全量表模板测试', '全量表模板测试', 'db', '/全量表模板测试', '1326379690046259200', 'Debug', null, null, '2021-02-20 16:26:54', '2021-02-20 16:26:54', '0', 'table2table');
INSERT INTO xtl.x_job (job_id, job_name, job_description, job_type, job_path, job_repository_id, job_log_level, job_status, is_del, created_time, update_time, is_monitor_enabled, tpl_key) VALUES ('105', '表对表同步模板', '表对表同步模板', 'db', '/表对表模板', '1326379690046259200', 'Debug', null, null, '2021-02-22 14:04:16', '2021-02-22 14:04:16', '1', 'table2sync');
INSERT INTO xtl.x_job (job_id, job_name, job_description, job_type, job_path, job_repository_id, job_log_level, job_status, is_del, created_time, update_time, is_monitor_enabled, tpl_key) VALUES ('106', 'SQL模板23', 'SQL模板23', 'db', '/SQL模板', '1326379690046259200', 'Debug', null, null, '2021-02-22 14:30:46', '2021-02-22 14:30:46', '1', 'sqlTpl');
INSERT INTO xtl.x_job (job_id, job_name, job_description, job_type, job_path, job_repository_id, job_log_level, job_status, is_del, created_time, update_time, is_monitor_enabled, tpl_key) VALUES ('107', 'SQL模板测试_copy_1_cp', 'SQL模板测试', 'db', '/数据库模板测试', '1326379690046259200', 'Debug', null, '1', '2021-02-22 15:36:53', '2021-02-22 15:36:53', '1', '');
INSERT INTO xtl.x_job (job_id, job_name, job_description, job_type, job_path, job_repository_id, job_log_level, job_status, is_del, created_time, update_time, is_monitor_enabled, tpl_key) VALUES ('108', 'SQL模板测试_copy_2_cp', 'SQL模板测试', 'db', '/数据库模板测试', '1326379690046259200', 'Debug', null, '1', '2021-02-22 15:36:54', '2021-02-22 15:36:54', '1', '');
INSERT INTO xtl.x_job (job_id, job_name, job_description, job_type, job_path, job_repository_id, job_log_level, job_status, is_del, created_time, update_time, is_monitor_enabled, tpl_key) VALUES ('111', '表对表同步模板_copy_2_cp', '表对表同步模板', 'db', '/表对表模板', '1326379690046259200', 'Debug', null, '1', '2021-02-22 15:41:28', '2021-02-22 15:41:28', '1', '');
INSERT INTO xtl.x_job (job_id, job_name, job_description, job_type, job_path, job_repository_id, job_log_level, job_status, is_del, created_time, update_time, is_monitor_enabled, tpl_key) VALUES ('/file_99/job_2_file_2_cp_copy.kjb', 'job_2_file_2_cp_copy', '作业设置', 'file', '/file_99', '1326379690046259201', 'Debug', null, '0', '2021-03-02 15:14:15', '2021-03-02 15:14:15', '0', '');
INSERT INTO xtl.x_job (job_id, job_name, job_description, job_type, job_path, job_repository_id, job_log_level, job_status, is_del, created_time, update_time, is_monitor_enabled, tpl_key) VALUES ('112', 'SQL模板测试_copy_3_cp_copy_1_cp', 'SQL模板测试', 'db', '/数据库模板测试', '1326379690046259200', 'Debug', null, '1', '2021-05-20 19:44:06', '2021-05-20 19:44:06', '1', '');
INSERT INTO xtl.x_job (job_id, job_name, job_description, job_type, job_path, job_repository_id, job_log_level, job_status, is_del, created_time, update_time, is_monitor_enabled, tpl_key) VALUES ('113', 'SQL模板测试_copy_3_cp_copy_2_cp', 'SQL模板测试', 'db', '/数据库模板测试', '1326379690046259200', 'Debug', null, '1', '2021-05-20 19:44:07', '2021-05-20 19:44:07', '1', '');
INSERT INTO xtl.x_job (job_id, job_name, job_description, job_type, job_path, job_repository_id, job_log_level, job_status, is_del, created_time, update_time, is_monitor_enabled, tpl_key) VALUES ('112', 'SQL模板测试_copy_3_cp_copy_1_cp', 'SQL模板测试', 'db', '/数据库模板测试', '1326379690046259200', 'Debug', null, '1', '2021-05-20 19:44:20', '2021-05-20 19:44:20', '1', '');
INSERT INTO xtl.x_job (job_id, job_name, job_description, job_type, job_path, job_repository_id, job_log_level, job_status, is_del, created_time, update_time, is_monitor_enabled, tpl_key) VALUES ('113', 'SQL模板测试_copy_3_cp_copy_2_cp', 'SQL模板测试', 'db', '/数据库模板测试', '1326379690046259200', 'Debug', null, '1', '2021-05-20 19:44:21', '2021-05-20 19:44:21', '1', '');
INSERT INTO xtl.x_job (job_id, job_name, job_description, job_type, job_path, job_repository_id, job_log_level, job_status, is_del, created_time, update_time, is_monitor_enabled, tpl_key) VALUES ('115', 'SQL模板测试_copy_3_cp_copy_4_cp', 'SQL模板测试', 'db', '/数据库模板测试', '1326379690046259200', 'Debug', null, '1', '2021-05-20 19:44:23', '2021-05-20 19:44:23', '1', '');
INSERT INTO xtl.x_job (job_id, job_name, job_description, job_type, job_path, job_repository_id, job_log_level, job_status, is_del, created_time, update_time, is_monitor_enabled, tpl_key) VALUES ('116', '小蹦作业', '小蹦作业', 'db', '/小蹦', '1326379690046259200', 'Debug', null, null, '2021-05-20 19:46:16', '2021-05-20 19:46:16', '0', 'shellTpl');
INSERT INTO xtl.x_job (job_id, job_name, job_description, job_type, job_path, job_repository_id, job_log_level, job_status, is_del, created_time, update_time, is_monitor_enabled, tpl_key) VALUES ('/数据同步/job1_99.kjb', 'job1_99', '文件资源', 'file', '/数据同步', '1326379690046259201', 'Debug', null, '0', '2021-05-23 18:43:22', '2021-05-23 18:43:22', '1', '');
INSERT INTO xtl.x_job (job_id, job_name, job_description, job_type, job_path, job_repository_id, job_log_level, job_status, is_del, created_time, update_time, is_monitor_enabled, tpl_key) VALUES ('10d38085d16d50257a0b472612c3a25b', 'job_2_file_2_cp_copy.kjb', '', 'sftp', '/opt/apps/etl/file_99/job_2_file_2_cp_copy.kjb', '1396737703013253120', 'Debug', null, '0', '2021-05-24 20:16:51', '2021-05-24 20:16:51', '0', '');
INSERT INTO xtl.x_repository (repo_id, repo_name, repo_username, repo_password, repo_type, db_access, db_host, db_port, db_name, db_username, db_password, is_del, created_time, update_time, type, base_dir) VALUES ('1326379690046259200', '临时资源库', 'admin', 'admin', 'MYSQL', 'Native', 'localhost', '3306', 'etl', 'root', 'root', '0', '2020-11-11 12:22:15', '2020-11-11 12:22:15', 'db', '');
INSERT INTO xtl.x_repository (repo_id, repo_name, repo_username, repo_password, repo_type, db_access, db_host, db_port, db_name, db_username, db_password, is_del, created_time, update_time, type, base_dir) VALUES ('1326379690046259201', '文件资源库', null, null, null, null, null, null, null, null, null, null, '2020-11-24 09:12:10', '2020-11-24 09:12:10', 'File', 'D:\\etl');
INSERT INTO xtl.x_repository (repo_id, repo_name, repo_username, repo_password, repo_type, db_access, db_host, db_port, db_name, db_username, db_password, is_del, created_time, update_time, type, base_dir) VALUES ('1396737703013253120', 'SFTP', '', '', '', '', '192.168.1.11', '22', '', 'root', 'root', '', '2021-05-24 15:59:53', '2021-05-24 15:59:53', 'SFTP', '/opt/apps/etl');
INSERT INTO xtl.x_repository (repo_id, repo_name, repo_username, repo_password, repo_type, db_access, db_host, db_port, db_name, db_username, db_password, is_del, created_time, update_time, type, base_dir) VALUES ('1396746190929788928', 'FTP', '', '', '', '', '192.168.1.102', '21', '', 'root', '123', '', '2021-05-24 16:33:36', '2021-05-24 16:33:36', 'FTP', '/opt');
INSERT INTO xtl.x_template (template_name, template_description, created_time, update_time, template_key, template_path) VALUES ('SQL', '编写SQL脚本', '2021-02-02 11:19:24', '2021-02-02 11:19:24', 'sqlTpl', 'template/sqlTpl.kjb');
INSERT INTO xtl.x_template (template_name, template_description, created_time, update_time, template_key, template_path) VALUES ('SHELL', '编写SHELL脚本', '2021-02-02 11:20:22', '2021-02-02 11:20:22', 'shellTpl', 'template/shellTpl.kjb');
INSERT INTO xtl.x_template (template_name, template_description, created_time, update_time, template_key, template_path) VALUES ('JAVASCRIPT', '编写JAVASCRIPT脚本', '2021-02-02 11:21:07', '2021-02-02 11:21:07', 'javascriptTpl', 'template/javascriptTpl.kjb');
INSERT INTO xtl.x_template (template_name, template_description, created_time, update_time, template_key, template_path) VALUES ('表对表全量', '先执行删除后全量同步', '2021-02-02 11:24:39', '2021-02-02 11:24:39', 'table2table', 'template/table2tableTpl.kjb');
INSERT INTO xtl.x_template (template_name, template_description, created_time, update_time, template_key, template_path) VALUES ('表对表增量', '表与表之间增量更新', '2021-02-02 11:24:39', '2021-02-02 11:24:39', 'table2update', 'template/table2updateTpl.kjb');
INSERT INTO xtl.x_template (template_name, template_description, created_time, update_time, template_key, template_path) VALUES ('表对表同步', '表与表之间增量同步', '2021-02-02 11:24:39', '2021-02-02 11:24:39', 'table2sync', 'template/table2syncTpl.kjb');
INSERT INTO xtl.x_trans (trans_id, trans_name, trans_description, trans_type, trans_path, trans_repository_id, trans_log_level, trans_status, is_del, created_time, update_time, is_monitor_enabled, tpl_key) VALUES ('3', 'test_sql_01', '', 'db', '/数据同步', '1326379690046259200', 'Debug', null, '0', '2021-01-26 20:53:16', '2021-01-26 20:53:16', '1', null);
INSERT INTO xtl.x_trans (trans_id, trans_name, trans_description, trans_type, trans_path, trans_repository_id, trans_log_level, trans_status, is_del, created_time, update_time, is_monitor_enabled, tpl_key) VALUES ('4', 'table2tableTpl', '转换测试', 'db', '/common', '1326379690046259200', 'Debug', null, '0', '2021-02-22 16:34:24', '2021-02-22 16:34:24', '1', '');
INSERT INTO xtl.x_trans (trans_id, trans_name, trans_description, trans_type, trans_path, trans_repository_id, trans_log_level, trans_status, is_del, created_time, update_time, is_monitor_enabled, tpl_key) VALUES ('5', 'table2updateTpl', '数据表同步', 'db', '/common', '1326379690046259200', 'Debug', null, '0', '2021-03-02 09:36:53', '2021-03-02 09:36:53', '1', '');
INSERT INTO xtl.x_user (dept_id, user_name, nick_name, user_type, email, phonenumber, sex, avatar, password, status, del_flag, login_ip, login_date, create_by, create_time, update_by, update_time, remark) VALUES (103, 'admin', 'yuenbin', '00', 'yaukie@163.com', '15888888888', '1', 'admin-header.png', '33d67b47c430550a6e7fc86e38fadc9f', '0', '0', '127.0.0.1', '2021-05-15 11:45:45', 'admin', '2021-05-15 11:45:45', '', null, '管理员');
INSERT INTO xtl.x_user (dept_id, user_name, nick_name, user_type, email, phonenumber, sex, avatar, password, status, del_flag, login_ip, login_date, create_by, create_time, update_by, update_time, remark) VALUES (103, 'superadmin', 'yuenbin', '00', 'yaukie@163.com', '15888888888', '0', 'superadmin-header.png', '33d67b47c430550a6e7fc86e38fadc9f', '0', '0', '127.0.0.1', '2021-05-19 16:05:10', 'superadmin', '2021-05-19 16:05:14', '', null, '超级管理员');
INSERT INTO xtl.x_user_post (user_id, post_id) VALUES (1, 1);
INSERT INTO xtl.x_user_post (user_id, post_id) VALUES (2, 2);
INSERT INTO xtl.x_user_role (user_id, role_id) VALUES (1, 1);
INSERT INTO xtl.x_user_role (user_id, role_id) VALUES (2, 2);