INSERT INTO xtl.x_database (name, database_type, database_contype, host_name, database_name, port, created_time, update_time, username, password, servername) VALUES ('local_db', 'MYSQL', 'Native', '127.0.0.1', 'test', 3308, null, null, 'root', 'root', '');
INSERT INTO xtl.x_database (name, database_type, database_contype, host_name, database_name, port, created_time, update_time, username, password, servername) VALUES ('test01', 'MYSQL', 'Native', '127.0.0.1', 'test', 3308, null, null, 'root', 'root', '');
INSERT INTO xtl.x_database (name, database_type, database_contype, host_name, database_name, port, created_time, update_time, username, password, servername) VALUES ('test12', 'MYSQL', 'Native', '127.0.0.1', 'test', 3308, '2021-02-04 09:34:10', '2021-02-04 09:34:10', 'root', 'root', '');
INSERT INTO xtl.x_dict (dict_name, dict_id, dict_key, dict_value, order_num, dict_desc) VALUES ('可支持的数据库', 'supported_type_database', '1', 'MYSQL', '1', 'MYSQL');
INSERT INTO xtl.x_dict (dict_name, dict_id, dict_key, dict_value, order_num, dict_desc) VALUES ('可支持的数据库', 'supported_type_database', '2', 'ORACLE', '2', 'ORACLE');
INSERT INTO xtl.x_dict (dict_name, dict_id, dict_key, dict_value, order_num, dict_desc) VALUES ('可支持的数据库', 'supported_type_database', '3', 'AS400', '3', 'AS400');
INSERT INTO xtl.x_dict (dict_name, dict_id, dict_key, dict_value, order_num, dict_desc) VALUES ('可支持的数据库', 'supported_type_database', '4', 'ACCESS', '4', 'ACCESS');
INSERT INTO xtl.x_dict (dict_name, dict_id, dict_key, dict_value, order_num, dict_desc) VALUES ('可支持的数据库', 'supported_type_database', '5', 'MSSQL', '5', 'MSSQL');
INSERT INTO xtl.x_dict (dict_name, dict_id, dict_key, dict_value, order_num, dict_desc) VALUES ('可支持的数据库', 'supported_type_database', '6', 'DB2', '6', 'DB2');
INSERT INTO xtl.x_dict (dict_name, dict_id, dict_key, dict_value, order_num, dict_desc) VALUES ('可支持的数据库', 'supported_type_database', '7', 'POSTGRES', '7', 'POSTGRES');
INSERT INTO xtl.x_dict (dict_name, dict_id, dict_key, dict_value, order_num, dict_desc) VALUES ('可支持的数据库', 'supported_type_database', '8', 'CACHE', '8', 'CACHE');
INSERT INTO xtl.x_dict (dict_name, dict_id, dict_key, dict_value, order_num, dict_desc) VALUES ('可支持的数据库', 'supported_type_database', '9', 'INFORMIX', '9', 'INFORMIX');
INSERT INTO xtl.x_dict (dict_name, dict_id, dict_key, dict_value, order_num, dict_desc) VALUES ('可支持的数据库', 'supported_type_database', '10', 'SYBASE', '10', 'SYBASE');
INSERT INTO xtl.x_dict (dict_name, dict_id, dict_key, dict_value, order_num, dict_desc) VALUES ('可支持的数据库', 'supported_type_database', '11', 'GUPTA', '11', 'GUPTA');
INSERT INTO xtl.x_dict (dict_name, dict_id, dict_key, dict_value, order_num, dict_desc) VALUES ('可支持的数据库', 'supported_type_database', '12', 'DBASE', '12', 'DBASE');
INSERT INTO xtl.x_dict (dict_name, dict_id, dict_key, dict_value, order_num, dict_desc) VALUES ('可支持的数据库', 'supported_type_database', '13', 'FIREBIRD', '13', 'FIREBIRD');
INSERT INTO xtl.x_dict (dict_name, dict_id, dict_key, dict_value, order_num, dict_desc) VALUES ('可支持的数据库', 'supported_type_database', '14', 'SAPDB', '14', 'SAPDB');
INSERT INTO xtl.x_dict (dict_name, dict_id, dict_key, dict_value, order_num, dict_desc) VALUES ('可支持的数据库', 'supported_type_database', '15', 'HYPERSONIC', '15', 'HYPERSONIC');
INSERT INTO xtl.x_dict (dict_name, dict_id, dict_key, dict_value, order_num, dict_desc) VALUES ('可支持的数据库', 'supported_type_database', '16', 'GENERIC', '16', 'GENERIC');
INSERT INTO xtl.x_dict (dict_name, dict_id, dict_key, dict_value, order_num, dict_desc) VALUES ('可支持的数据库', 'supported_type_database', '17', 'SAPR3', '17', 'SAPR3');
INSERT INTO xtl.x_dict (dict_name, dict_id, dict_key, dict_value, order_num, dict_desc) VALUES ('可支持的数据库', 'supported_type_database', '18', 'INGRES', '18', 'INGRES');
INSERT INTO xtl.x_dict (dict_name, dict_id, dict_key, dict_value, order_num, dict_desc) VALUES ('可支持的数据库', 'supported_type_database', '19', 'INTERBASE', '19', 'INTERBASE');
INSERT INTO xtl.x_dict (dict_name, dict_id, dict_key, dict_value, order_num, dict_desc) VALUES ('可支持的数据库', 'supported_type_database', '20', 'EXTENDB', '20', 'EXTENDB');
INSERT INTO xtl.x_dict (dict_name, dict_id, dict_key, dict_value, order_num, dict_desc) VALUES ('可支持的数据库', 'supported_type_database', '21', 'TERADATA', '21', 'TERADATA');
INSERT INTO xtl.x_dict (dict_name, dict_id, dict_key, dict_value, order_num, dict_desc) VALUES ('可支持的数据库', 'supported_type_database', '22', 'ORACLE_RDB', '22', 'ORACLE_RDB');
INSERT INTO xtl.x_dict (dict_name, dict_id, dict_key, dict_value, order_num, dict_desc) VALUES ('可支持的数据库', 'supported_type_database', '23', 'H2', '23', 'H2');
INSERT INTO xtl.x_dict (dict_name, dict_id, dict_key, dict_value, order_num, dict_desc) VALUES ('可支持的数据库', 'supported_type_database', '24', 'NETEZZA', '24', 'NETEZZA');
INSERT INTO xtl.x_dict (dict_name, dict_id, dict_key, dict_value, order_num, dict_desc) VALUES ('可支持的数据库', 'supported_type_database', '25', 'UNIVERSE', '25', 'UNIVERSE');
INSERT INTO xtl.x_dict (dict_name, dict_id, dict_key, dict_value, order_num, dict_desc) VALUES ('可支持的数据库', 'supported_type_database', '26', 'SQLITE', '26', 'SQLITE');
INSERT INTO xtl.x_dict (dict_name, dict_id, dict_key, dict_value, order_num, dict_desc) VALUES ('可支持的数据库', 'supported_type_database', '27', 'DERBY', '27', 'DERBY');
INSERT INTO xtl.x_dict (dict_name, dict_id, dict_key, dict_value, order_num, dict_desc) VALUES ('可支持的数据库', 'supported_type_database', '28', 'REMEDY_AR_SYSTEM', '28', 'REMEDY_AR_SYSTEM');
INSERT INTO xtl.x_dict (dict_name, dict_id, dict_key, dict_value, order_num, dict_desc) VALUES ('可支持的数据库', 'supported_type_database', '29', 'PALO', '29', 'PALO');
INSERT INTO xtl.x_dict (dict_name, dict_id, dict_key, dict_value, order_num, dict_desc) VALUES ('可支持的数据库', 'supported_type_database', '30', 'SYBASEIQ', '30', 'SYBASEIQ');
INSERT INTO xtl.x_dict (dict_name, dict_id, dict_key, dict_value, order_num, dict_desc) VALUES ('可支持的数据库', 'supported_type_database', '31', 'GREENPLUM', '31', 'GREENPLUM');
INSERT INTO xtl.x_dict (dict_name, dict_id, dict_key, dict_value, order_num, dict_desc) VALUES ('可支持的数据库', 'supported_type_database', '32', 'MONETDB', '32', 'MONETDB');
INSERT INTO xtl.x_dict (dict_name, dict_id, dict_key, dict_value, order_num, dict_desc) VALUES ('可支持的数据库', 'supported_type_database', '33', 'KINGBASEES', '33', 'KINGBASEES');
INSERT INTO xtl.x_dict (dict_name, dict_id, dict_key, dict_value, order_num, dict_desc) VALUES ('可支持的数据库', 'supported_type_database', '34', 'VERTICA', '34', 'VERTICA');
INSERT INTO xtl.x_dict (dict_name, dict_id, dict_key, dict_value, order_num, dict_desc) VALUES ('可支持的数据库', 'supported_type_database', '35', 'NEOVIEW', '35', 'NEOVIEW');
INSERT INTO xtl.x_dict (dict_name, dict_id, dict_key, dict_value, order_num, dict_desc) VALUES ('可支持的数据库', 'supported_type_database', '36', 'LUCIDDB', '36', 'LUCIDDB');
INSERT INTO xtl.x_dict (dict_name, dict_id, dict_key, dict_value, order_num, dict_desc) VALUES ('作业状态', 'supported_job_status', '10', '等待中', '1', '等待中');
INSERT INTO xtl.x_dict (dict_name, dict_id, dict_key, dict_value, order_num, dict_desc) VALUES ('作业状态', 'supported_job_status', '21', '终止中', '1', '终止中');
INSERT INTO xtl.x_dict (dict_name, dict_id, dict_key, dict_value, order_num, dict_desc) VALUES ('作业状态', 'supported_job_status', '30', '已终止', '1', '已终止');
INSERT INTO xtl.x_dict (dict_name, dict_id, dict_key, dict_value, order_num, dict_desc) VALUES ('作业状态', 'supported_job_status', '20', '运行中', '1', '运行中');
INSERT INTO xtl.x_dict (dict_name, dict_id, dict_key, dict_value, order_num, dict_desc) VALUES ('作业状态', 'supported_job_status', '40', '已结束', '1', '已结束');
INSERT INTO xtl.x_dict (dict_name, dict_id, dict_key, dict_value, order_num, dict_desc) VALUES ('转换状态', 'supported_trans_status', '10', '等待中', '1', '等待中');
INSERT INTO xtl.x_dict (dict_name, dict_id, dict_key, dict_value, order_num, dict_desc) VALUES ('转换状态', 'supported_trans_status', '70', '终止中', '1', '终止中');
INSERT INTO xtl.x_dict (dict_name, dict_id, dict_key, dict_value, order_num, dict_desc) VALUES ('转换状态', 'supported_trans_status', '30', '已终止', '1', '已终止');
INSERT INTO xtl.x_dict (dict_name, dict_id, dict_key, dict_value, order_num, dict_desc) VALUES ('转换状态', 'supported_trans_status', '50', '运行中', '1', '运行中');
INSERT INTO xtl.x_dict (dict_name, dict_id, dict_key, dict_value, order_num, dict_desc) VALUES ('转换状态', 'supported_trans_status', '40', '已结束', '1', '已结束');
INSERT INTO xtl.x_dict (dict_name, dict_id, dict_key, dict_value, order_num, dict_desc) VALUES ('转换状态', 'supported_trans_status', '20', '初始化中', '1', '初始化中');
INSERT INTO xtl.x_dict (dict_name, dict_id, dict_key, dict_value, order_num, dict_desc) VALUES ('转换状态', 'supported_trans_status', '21', '准备中', '1', '准备中');
INSERT INTO xtl.x_dict (dict_name, dict_id, dict_key, dict_value, order_num, dict_desc) VALUES ('转换状态', 'supported_trans_status', '60', '已暂停', '1', '已暂停');
INSERT INTO xtl.x_dict (dict_name, dict_id, dict_key, dict_value, order_num, dict_desc) VALUES ('日志级别', 'supported_log_level', 'basic', '基本级别', '1', '基本级别');
INSERT INTO xtl.x_dict (dict_name, dict_id, dict_key, dict_value, order_num, dict_desc) VALUES ('日志级别', 'supported_log_level', 'detail', '详细级别', '1', '详细级别');
INSERT INTO xtl.x_dict (dict_name, dict_id, dict_key, dict_value, order_num, dict_desc) VALUES ('日志级别', 'supported_log_level', 'error', '异常级别', '1', '异常级别');
INSERT INTO xtl.x_dict (dict_name, dict_id, dict_key, dict_value, order_num, dict_desc) VALUES ('日志级别', 'supported_log_level', 'debug', '调试级别', '1', '调试级别');
INSERT INTO xtl.x_dict (dict_name, dict_id, dict_key, dict_value, order_num, dict_desc) VALUES ('日志级别', 'supported_log_level', 'minimal', '最小级别
', '1', '最小级别
');
INSERT INTO xtl.x_dict (dict_name, dict_id, dict_key, dict_value, order_num, dict_desc) VALUES ('日志级别', 'supported_log_level', 'rowlevel', '行级别', '1', '行级别');
INSERT INTO xtl.x_dict (dict_name, dict_id, dict_key, dict_value, order_num, dict_desc) VALUES ('日志级别', 'supported_log_level', 'Nothing', '无级别', '1', '无级别');
INSERT INTO xtl.x_dict (dict_name, dict_id, dict_key, dict_value, order_num, dict_desc) VALUES ('作业状态', 'supported_job_status', '-1', '未知状态', '1', '未知状态');
INSERT INTO xtl.x_dict (dict_name, dict_id, dict_key, dict_value, order_num, dict_desc) VALUES ('转换状态', 'supported_trans_status', '-1', '未知状态', '1', '未知状态');
INSERT INTO xtl.x_dict (dict_name, dict_id, dict_key, dict_value, order_num, dict_desc) VALUES ('转换状态', 'supported_trans_status', '99', '异常停止', '1', '异常停止');
INSERT INTO xtl.x_dict (dict_name, dict_id, dict_key, dict_value, order_num, dict_desc) VALUES ('作业状态', 'supported_job_status', '99', '异常停止', '1', '异常停止');

INSERT INTO xtl.x_job (job_id, job_name, job_description, job_type, job_path, job_repository_id, job_log_level, job_status, is_del, created_time, update_time, is_monitor_enabled, tpl_key) VALUES ('88', 'test_sql_job', '演示带参执行', 'db', '/演示目录', '1326379690046259200', 'debug', null, '0', '2021-01-26 17:03:39', '2021-01-26 17:03:39', '1', null);
INSERT INTO xtl.x_job (job_id, job_name, job_description, job_type, job_path, job_repository_id, job_log_level, job_status, is_del, created_time, update_time, is_monitor_enabled, tpl_key) VALUES ('95', 'test_sql_job_copy_5_cp_copy_2_cp', '演示带参执行', 'db', '/演示目录', '1326379690046259200', 'debug', null, '0', '2021-02-04 10:19:48', '2021-02-04 10:19:48', '0', '');
INSERT INTO xtl.x_job (job_id, job_name, job_description, job_type, job_path, job_repository_id, job_log_level, job_status, is_del, created_time, update_time, is_monitor_enabled, tpl_key) VALUES ('97', 'test_sql_job_copy_6_cp', '演示带参执行', 'db', '/演示目录', '1326379690046259200', 'debug', null, '0', '2021-02-18 14:37:22', '2021-02-18 14:37:22', '0', '');
INSERT INTO xtl.x_job (job_id, job_name, job_description, job_type, job_path, job_repository_id, job_log_level, job_status, is_del, created_time, update_time, is_monitor_enabled, tpl_key) VALUES ('98', 'JS模板测试', 'JS模板测试', 'db', '/模板测试', '1326379690046259200', 'Debug', null, null, '2021-02-20 16:06:42', '2021-02-20 16:06:42', '0', 'javascriptTpl');
INSERT INTO xtl.x_job (job_id, job_name, job_description, job_type, job_path, job_repository_id, job_log_level, job_status, is_del, created_time, update_time, is_monitor_enabled, tpl_key) VALUES ('99', 'JS模板测试2', 'JS模板测试2', 'db', '/新的测试', '1326379690046259200', 'Debug', null, null, '2021-02-20 16:10:38', '2021-02-20 16:10:38', '0', 'javascriptTpl');
INSERT INTO xtl.x_job (job_id, job_name, job_description, job_type, job_path, job_repository_id, job_log_level, job_status, is_del, created_time, update_time, is_monitor_enabled, tpl_key) VALUES ('100', 'JS模板测试2_copy_1_cp', 'JS模板测试2', 'db', '/新的测试', '1326379690046259200', 'Debug', null, '1', '2021-02-20 16:12:15', '2021-02-20 16:12:15', '1', '');
INSERT INTO xtl.x_job (job_id, job_name, job_description, job_type, job_path, job_repository_id, job_log_level, job_status, is_del, created_time, update_time, is_monitor_enabled, tpl_key) VALUES ('101', 'JS模板测试2_copy_2_cp', 'JS模板测试2', 'db', '/新的测试', '1326379690046259200', 'Debug', null, '1', '2021-02-20 16:12:17', '2021-02-20 16:12:17', '0', '');
INSERT INTO xtl.x_job (job_id, job_name, job_description, job_type, job_path, job_repository_id, job_log_level, job_status, is_del, created_time, update_time, is_monitor_enabled, tpl_key) VALUES ('102', 'JS模板测试2_copy_3_cp', 'JS模板测试2', 'db', '/新的测试', '1326379690046259200', 'Debug', null, '1', '2021-02-20 16:12:18', '2021-02-20 16:12:18', '0', '');
INSERT INTO xtl.x_job (job_id, job_name, job_description, job_type, job_path, job_repository_id, job_log_level, job_status, is_del, created_time, update_time, is_monitor_enabled, tpl_key) VALUES ('103', 'SQL模板测试', 'SQL模板测试', 'db', '/数据库模板测试', '1326379690046259200', 'Debug', null, null, '2021-02-20 16:21:21', '2021-02-20 16:21:21', '0', 'sqlTpl');
INSERT INTO xtl.x_job (job_id, job_name, job_description, job_type, job_path, job_repository_id, job_log_level, job_status, is_del, created_time, update_time, is_monitor_enabled, tpl_key) VALUES ('104', '全量表模板测试', '全量表模板测试', 'db', '/全量表模板测试', '1326379690046259200', 'Debug', null, null, '2021-02-20 16:26:54', '2021-02-20 16:26:54', '0', 'table2table');
INSERT INTO xtl.x_job (job_id, job_name, job_description, job_type, job_path, job_repository_id, job_log_level, job_status, is_del, created_time, update_time, is_monitor_enabled, tpl_key) VALUES ('105', '表对表同步模板', '表对表同步模板', 'db', '/表对表模板', '1326379690046259200', 'Debug', null, null, '2021-02-22 14:04:16', '2021-02-22 14:04:16', '1', 'table2sync');
INSERT INTO xtl.x_job (job_id, job_name, job_description, job_type, job_path, job_repository_id, job_log_level, job_status, is_del, created_time, update_time, is_monitor_enabled, tpl_key) VALUES ('106', 'SQL模板23', 'SQL模板23', 'db', '/SQL模板', '1326379690046259200', 'Debug', null, null, '2021-02-22 14:30:46', '2021-02-22 14:30:46', '1', 'sqlTpl');
INSERT INTO xtl.x_job (job_id, job_name, job_description, job_type, job_path, job_repository_id, job_log_level, job_status, is_del, created_time, update_time, is_monitor_enabled, tpl_key) VALUES ('107', 'SQL模板测试_copy_1_cp', 'SQL模板测试', 'db', '/数据库模板测试', '1326379690046259200', 'Debug', null, '1', '2021-02-22 15:36:53', '2021-02-22 15:36:53', '1', '');
INSERT INTO xtl.x_job (job_id, job_name, job_description, job_type, job_path, job_repository_id, job_log_level, job_status, is_del, created_time, update_time, is_monitor_enabled, tpl_key) VALUES ('108', 'SQL模板测试_copy_2_cp', 'SQL模板测试', 'db', '/数据库模板测试', '1326379690046259200', 'Debug', null, '1', '2021-02-22 15:36:54', '2021-02-22 15:36:54', '1', '');
INSERT INTO xtl.x_job (job_id, job_name, job_description, job_type, job_path, job_repository_id, job_log_level, job_status, is_del, created_time, update_time, is_monitor_enabled, tpl_key) VALUES ('109', 'SQL模板测试_copy_3_cp', 'SQL模板测试', 'db', '/数据库模板测试', '1326379690046259200', 'Debug', null, '1', '2021-02-22 15:36:55', '2021-02-22 15:36:55', '1', '');
INSERT INTO xtl.x_job (job_id, job_name, job_description, job_type, job_path, job_repository_id, job_log_level, job_status, is_del, created_time, update_time, is_monitor_enabled, tpl_key) VALUES ('110', '表对表同步模板_copy_1_cp', '表对表同步模板', 'db', '/表对表模板', '1326379690046259200', 'Debug', null, '1', '2021-02-22 15:41:27', '2021-02-22 15:41:27', '1', '');
INSERT INTO xtl.x_job (job_id, job_name, job_description, job_type, job_path, job_repository_id, job_log_level, job_status, is_del, created_time, update_time, is_monitor_enabled, tpl_key) VALUES ('111', '表对表同步模板_copy_2_cp', '表对表同步模板', 'db', '/表对表模板', '1326379690046259200', 'Debug', null, '1', '2021-02-22 15:41:28', '2021-02-22 15:41:28', '1', '');
INSERT INTO xtl.x_job (job_id, job_name, job_description, job_type, job_path, job_repository_id, job_log_level, job_status, is_del, created_time, update_time, is_monitor_enabled, tpl_key) VALUES ('/file_99/job_2_file_2_cp_copy.kjb', 'job_2_file_2_cp_copy', '作业设置', 'file', '/file_99', '1326379690046259201', 'Debug', null, '0', '2021-03-02 15:14:15', '2021-03-02 15:14:15', '0', '');
INSERT INTO xtl.x_trans (trans_id, trans_name, trans_description, trans_type, trans_path, trans_repository_id, trans_log_level, trans_status, is_del, created_time, update_time, is_monitor_enabled, tpl_key) VALUES ('3', 'test_sql_01', '', 'db', '/数据同步', '1326379690046259200', 'Debug', null, '0', '2021-01-26 20:53:16', '2021-01-26 20:53:16', '1', null);
INSERT INTO xtl.x_trans (trans_id, trans_name, trans_description, trans_type, trans_path, trans_repository_id, trans_log_level, trans_status, is_del, created_time, update_time, is_monitor_enabled, tpl_key) VALUES ('4', 'table2tableTpl', '转换测试', 'db', '/common', '1326379690046259200', 'Debug', null, '0', '2021-02-22 16:34:24', '2021-02-22 16:34:24', '1', '');
INSERT INTO xtl.x_trans (trans_id, trans_name, trans_description, trans_type, trans_path, trans_repository_id, trans_log_level, trans_status, is_del, created_time, update_time, is_monitor_enabled, tpl_key) VALUES ('5', 'table2updateTpl', '数据表同步', 'db', '/common', '1326379690046259200', 'Debug', null, '0', '2021-03-02 09:36:53', '2021-03-02 09:36:53', '1', '');
INSERT INTO xtl.x_template (template_key, template_name, template_path, template_description, created_time, update_time) VALUES ('sqlTpl', 'SQL', 'template/sqlTpl.kjb', '编写SQL脚本', '2021-02-02 11:19:24', '2021-02-02 11:19:24');
INSERT INTO xtl.x_template (template_key, template_name, template_path, template_description, created_time, update_time) VALUES ('shellTpl', 'SHELL', 'template/shellTpl.kjb', '编写SHELL脚本', '2021-02-02 11:20:22', '2021-02-02 11:20:22');
INSERT INTO xtl.x_template (template_key, template_name, template_path, template_description, created_time, update_time) VALUES ('javascriptTpl', 'JAVASCRIPT', 'template/javascriptTpl.kjb', '编写JAVASCRIPT脚本', '2021-02-02 11:21:07', '2021-02-02 11:21:07');
INSERT INTO xtl.x_template (template_key, template_name, template_path, template_description, created_time, update_time) VALUES ('table2table', '表对表全量', 'template/table2tableTpl.kjb', '先执行删除后全量同步', '2021-02-02 11:24:39', '2021-02-02 11:24:39');
INSERT INTO xtl.x_template (template_key, template_name, template_path, template_description, created_time, update_time) VALUES ('table2update', '表对表增量', 'template/table2updateTpl.kjb', '表与表之间增量更新', '2021-02-02 11:24:39', '2021-02-02 11:24:39');
INSERT INTO xtl.x_template (template_key, template_name, template_path, template_description, created_time, update_time) VALUES ('table2sync', '表对表同步', 'template/table2syncTpl.kjb', '表与表之间增量同步', '2021-02-02 11:24:39', '2021-02-02 11:24:39');
INSERT INTO xtl.x_repository (repo_id, repo_name, type, base_dir, repo_username, repo_password, repo_type, db_access, db_host, db_port, db_name, db_username, db_password, is_del, created_time, update_time) VALUES ('1326379690046259200', '临时资源库', 'db', '', 'admin', 'admin', 'MYSQL', 'Native', 'localhost', '3308', 'etl', 'root', 'root', null, '2020-11-11 12:22:15', '2020-11-11 12:22:15');
INSERT INTO xtl.x_repository (repo_id, repo_name, type, base_dir, repo_username, repo_password, repo_type, db_access, db_host, db_port, db_name, db_username, db_password, is_del, created_time, update_time) VALUES ('1326379690046259201', '文件资源库', 'file', 'D:\\etl', null, null, null, null, null, null, null, null, null, null, '2020-11-24 09:12:10', '2020-11-24 09:12:10');
INSERT INTO xtl.x_params (obj_code, obj_val, obj_name, obj_des, target_id, target_type, is_use, created_time, update_time) VALUES ('DISTR_CODE', '370000', '行政编码', '1', '88', 'job', '1', '2021-02-01 11:23:33', '2021-02-01 11:23:33');
INSERT INTO xtl.x_params (obj_code, obj_val, obj_name, obj_des, target_id, target_type, is_use, created_time, update_time) VALUES ('', '', '', '', '104', 'job', '1', '2021-02-22 14:09:48', '2021-02-22 14:09:48');